,Unnamed: 0,dwarf name,constellation,distance,mass,radius,discovery,gravity
6,6,2MASS J03264225-2102057 [de],Eridanus,80.0,3.4176159576e+28,92939884.82999994,2003.0,264.06157007472495
9,9,2MASS J03552337+1133437,Taurus,29.8,3.797351064e+28,94369729.212,2006.0,284.5781383444831
16,16,2MASS J05012406-0010452 [de],Orion,64.0,3.987218617199999e+28,98659262.35799992,2008.0,273.3886765721484
18,18,LSR 0602+3910 [de],Auriga,34.6,5.3162914895999995e+28,100804028.93099992,2003.0,349.171836201398
38,38,2MASS J10224821+5825453 [de],Ursa Major,60.0,5.1264239364e+28,100804028.93099992,2008.0,336.70141347991955
57,57,DENIS-P J142527.97-365023.4 [de],Centaurus,38.0,3.987218617199999e+28,94369729.212,2004.0,298.80704526170723
